,degree,betweenness,closeness
Addam-Marbrand,0.026490066225165563,0.013272882667033898,0.3511627906976744
Gyles-Rosby,0.006622516556291391,0.0,0.2603448275862069
Jaime-Lannister,0.1490066225165563,0.12449090663178373,0.4370477568740955
Jalabhar-Xho,0.006622516556291391,0.0,0.2603448275862069
Joffrey-Baratheon,0.16556291390728478,0.14189087122742164,0.4740973312401884
Kevan-Lannister,0.03642384105960265,0.004259856771573005,0.34953703703703703
Oberyn-Martell,0.052980132450331126,0.011065936148516791,0.37515527950310557
Tyrion-Lannister,0.19536423841059603,0.15409096601718392,0.4575757575757576
Varys,0.052980132450331126,0.0096448582876327,0.3765586034912718
Aegon-Frey-(son-of-Stevron),0.013245033112582781,7.614450136260953e-05,0.311340206185567
Catelyn-Stark,0.12582781456953643,0.07493848214788282,0.40866035182679294
Robb-Stark,0.16225165562913907,0.16232085177685468,0.4402332361516035
Stevron-Frey,0.009933774834437087,7.333905377952813e-06,0.30691056910569103
Walder-Frey,0.039735099337748346,0.004963592755464455,0.3304157549234136
Aegon-I-Targaryen,0.009933774834437087,0.007508835539835035,0.32508073196986004
Daenerys-Targaryen,0.07947019867549669,0.1364908689264294,0.3268398268398268
Stannis-Baratheon,0.10264900662251655,0.10901720808164454,0.438953488372093
Torrhen-Stark,0.006622516556291391,0.00012398374660819978,0.31006160164271046
Aegon-Targaryen-(son-of-Rhaegar),0.0033112582781456954,0.0,0.25528317836010145
Elia-Martell,0.023178807947019868,0.00906731354004165,0.3424036281179138
Aemon-Targaryen-(Dragonknight),0.0033112582781456954,0.0,0.30443548387096775
Aemon-Targaryen-(Maester-Aemon),0.059602649006622516,0.020222474339068288,0.3647342995169082
Alliser-Thorne,0.023178807947019868,0.00042690748854735825,0.3363028953229399
Clydas,0.013245033112582781,0.00017065709986767243,0.3091095189355169
Cotter-Pyke,0.029801324503311258,0.002634048519780191,0.33555555555555555
Denys-Mallister,0.026490066225165563,0.00010108388800184184,0.2909441233140655
Donal-Noye,0.026490066225165563,0.0013068978769742753,0.3348115299334812
Eddison-Tollett,0.04304635761589404,0.007315953357755435,0.2946341463414634
Grenn,0.039735099337748346,0.0028302054006532143,0.3199152542372881
Hobb,0.023178807947019868,0.00022237381102388056,0.2909441233140655
Janos-Slynt,0.03642384105960265,0.010833415117358556,0.36964504283965727
Jeor-Mormont,0.059602649006622516,0.04766833207449848,0.36650485436893204
Jon-Snow,0.17218543046357615,0.2238286056882584,0.4339080459770115
Mance-Rayder,0.0728476821192053,0.03148616730888156,0.3660606060606061
Owen,0.033112582781456956,0.004771259986380483,0.3447488584474886
Pypar,0.039735099337748346,0.0016280459550249895,0.3132780082987552
Robert-Baratheon,0.08609271523178808,0.1664354010358413,0.43831640058055155
Samwell-Tarly,0.09933774834437085,0.046290722297754834,0.35487661574618096
Wynton-Stout,0.0033112582781456954,0.0,0.2674933569530558
Aerys-II-Targaryen,0.029801324503311258,0.023431964876302877,0.36964504283965727
Arthur-Dayne,0.016556291390728478,0.01760218427572091,0.2819794584500467
Brienne-of-Tarth,0.046357615894039736,0.006259751215893881,0.36874236874236876
Rossart,0.0033112582781456954,0.0,0.2701252236135957
Tywin-Lannister,0.09602649006622517,0.03270587974490158,0.412568306010929
Viserys-Targaryen,0.023178807947019868,0.016268659095815888,0.3561320754716981
Aggo,0.006622516556291391,0.0,0.19842312746386334
Jhogo,0.009933774834437087,0.003300257420078766,0.24713584288052373
Rakharo,0.009933774834437087,0.003300257420078766,0.24713584288052373
Alayaya,0.009933774834437087,0.0,0.3165618448637317
Bronn,0.039735099337748346,0.0011551197320330462,0.34514285714285714
Cersei-Lannister,0.12582781456953643,0.024579576545099825,0.4064602960969044
Alerie-Hightower,0.006622516556291391,0.0,0.263986013986014
Mace-Tyrell,0.039735099337748346,0.005279246540665039,0.3565525383707202
Margaery-Tyrell,0.03642384105960265,0.0026430191742534276,0.3439635535307517
Alester-Florent,0.016556291390728478,0.0009793785300730737,0.3084780388151175
Axell-Florent,0.026490066225165563,0.0027700612771695706,0.3094262295081967
Davos-Seaworth,0.056291390728476824,0.02836596183775649,0.3424036281179138
Lamprey,0.013245033112582781,7.333905377952813e-06,0.2559322033898305
Selyse-Florent,0.019867549668874173,0.0005353190557976029,0.33705357142857145
Alla-Tyrell,0.009933774834437087,0.0,0.299009900990099
Elinor-Tyrell,0.009933774834437087,0.0,0.299009900990099
Megga-Tyrell,0.009933774834437087,0.0,0.299009900990099
Sansa-Stark,0.15894039735099338,0.08960324716980082,0.4247538677918425
Qhorin-Halfhand,0.033112582781456956,0.007641282339265327,0.3192389006342495
Amory-Lorch,0.016556291390728478,0.0002555026767031335,0.3162303664921466
Gregor-Clegane,0.0728476821192053,0.03295757874824817,0.3822784810126582
Vargo-Hoat,0.019867549668874173,0.004230332515675127,0.3091095189355169
Anders-Yronwood,0.0033112582781456954,0.0,0.2730560578661845
Andrew-Estermont,0.009933774834437087,0.006622516556291391,0.2642169728783902
Edric-Storm,0.019867549668874173,0.007129567822894816,0.3344407530454042
Gerald-Gower,0.0033112582781456954,0.0,0.20914127423822715
Anguy,0.029801324503311258,0.0032126903854190606,0.311340206185567
Arya-Stark,0.12251655629139073,0.09478718390397499,0.44281524926686217
Beric-Dondarrion,0.03642384105960265,0.0051203464774007045,0.3381858902575588
Greenbeard,0.023178807947019868,2.242079644117003e-05,0.3110195674562307
Harwin,0.023178807947019868,1.3096259603487166e-05,0.3110195674562307
Husband,0.006622516556291391,0.0,0.2504145936981758
Lem,0.04966887417218543,0.016715283002320246,0.3333333333333333
Sandor-Clegane,0.0695364238410596,0.009872168692630206,0.3756218905472637
Sharna,0.013245033112582781,5.50042903346461e-06,0.25083056478405313
Tom-of-Sevenstreams,0.029801324503311258,0.0013666558417408565,0.31295336787564765
Arson,0.0033112582781456954,0.0,0.3029087261785356
Arstan,0.026490066225165563,0.0048974388138242715,0.2512479201331115
Belwas,0.023178807947019868,0.0022447131458234845,0.24794745484400657
Illyrio-Mopatis,0.006622516556291391,0.0,0.20133333333333334
Jhiqui,0.019867549668874173,4.400343226771688e-05,0.24774405250205087
Jorah-Mormont,0.039735099337748346,0.004766582912054842,0.26773049645390073
Kraznys-mo-Nakloz,0.006622516556291391,0.0,0.24693376941946035
Mero,0.013245033112582781,0.006622516556291391,0.24754098360655738
Rhaegar-Targaryen,0.026490066225165563,0.015011610460995048,0.3233404710920771
Gerold-Hightower,0.013245033112582781,0.017051467488933467,0.3172268907563025
Lewyn-Martell,0.013245033112582781,0.013201029680315064,0.24374495560936238
Smiling-Knight,0.006622516556291391,0.006622516556291391,0.22043795620437956
Bran-Stark,0.056291390728476824,0.040118545687188485,0.3989431968295905
Brynden-Tully,0.023178807947019868,0.00039166672015255314,0.33743016759776534
Dunsen,0.033112582781456956,0.0,0.3389450056116723
Eddard-Stark,0.052980132450331126,0.019580719703792788,0.4265536723163842
Elmar-Frey,0.029801324503311258,0.0004890918058060369,0.34832756632064593
Gendry,0.03642384105960265,0.008845004877821121,0.334070796460177
Hot-Pie,0.016556291390728478,0.0009059719069365954,0.31006160164271046
Ilyn-Payne,0.03642384105960265,0.0001655207132791431,0.34872979214780603
Mad-Huntsman,0.0033112582781456954,0.0,0.3072227873855544
Meryn-Trant,0.04966887417218543,0.0011834753844060294,0.363855421686747
Mycah,0.009933774834437087,0.0,0.3300546448087432
Nan,0.009933774834437087,0.006622516556291391,0.31524008350730687
Pate-(Old),0.0033112582781456954,0.0,0.3072227873855544
Polliver,0.03642384105960265,0.0002580016837997381,0.3447488584474886
Rafford,0.033112582781456956,0.0,0.3389450056116723
Ravella-Swann,0.0033112582781456954,0.0,0.3072227873855544
Rickon-Stark,0.023178807947019868,0.0006521118957440792,0.347926267281106
Roose-Bolton,0.04966887417218543,0.00879628235812846,0.3723797780517879
Thoros-of-Myr,0.029801324503311258,0.004882243108129302,0.3459335624284078
Tickler,0.033112582781456956,0.0,0.3389450056116723
Melisandre,0.029801324503311258,0.009013360171194532,0.36167664670658684
Porridge,0.009933774834437087,0.0,0.2557154953429297
Salladhor-Saan,0.016556291390728478,1.4667810755905625e-05,0.3084780388151175
Azor-Ahai,0.0033112582781456954,0.0,0.30535894843276035
Baelor-I-Targaryen,0.009933774834437087,0.0,0.3223052294557097
Ballabar,0.006622516556291391,0.006622516556291391,0.3149113660062565
Frenken,0.0033112582781456954,0.0,0.2396825396825397
Balon-Greyjoy,0.009933774834437087,0.0,0.33856502242152464
Balon-Swann,0.019867549668874173,6.915383850994059e-05,0.3475258918296893
Boros-Blount,0.023178807947019868,3.2337687174764464e-05,0.3289760348583878
Loras-Tyrell,0.04304635761589404,0.001001161731649245,0.3561320754716981
Osmund-Kettleblack,0.026490066225165563,6.444098488277935e-05,0.35362997658079626
Bannen,0.006622516556291391,0.0,0.26238053866203304
Dywen,0.019867549668874173,0.0004168924581263912,0.2822429906542056
Barristan-Selmy,0.016556291390728478,0.01415470161629849,0.3447488584474886
Bedwyck,0.016556291390728478,1.3689956705511918e-05,0.26468010517090274
Craster,0.04304635761589404,0.01154307518382648,0.32127659574468087
Ben-Plumm,0.009933774834437087,3.52027458141735e-05,0.24754098360655738
Oznak-zo-Pahl,0.006622516556291391,0.0,0.24693376941946035
Daario-Naharis,0.023178807947019868,0.013230365301826875,0.24815119145439607
Benjen-Stark,0.013245033112582781,0.0014653248538199959,0.34953703703703703
Jack-Bulwer,0.006622516556291391,0.0,0.2674933569530558
Big-Boil,0.006622516556291391,0.0,0.3032128514056225
Ygritte,0.033112582781456956,0.0004193073091447165,0.3081632653061224
Biter,0.0033112582781456954,0.0,0.23465423465423466
Rorge,0.016556291390728478,0.009133274925070331,0.30628803245436104
Blane,0.0033112582781456954,0.0,0.26844444444444443
Tommen-Baratheon,0.04304635761589404,0.0030317404947411562,0.36874236874236876
Bowen-Marsh,0.033112582781456956,0.0011088101729525763,0.31856540084388185
Othell-Yarwyck,0.026490066225165563,0.00013946193657261307,0.2788550323176362
Coldhands,0.006622516556291391,6.033232813365463e-05,0.2881679389312977
Hodor,0.009933774834437087,0.0,0.28679962013295346
Jojen-Reed,0.019867549668874173,0.0005792671507368104,0.30109670987038883
Jon-Umber-(Greatjon),0.029801324503311258,0.0057100551522714284,0.32025450689289503
Meera-Reed,0.016556291390728478,0.0002991792243698272,0.2999006951340616
Theon-Greyjoy,0.013245033112582781,0.00020140380473486429,0.3427922814982974
Brandon-Stark,0.009933774834437087,0.0,0.3165618448637317
Brella,0.006622516556291391,0.0,0.2993062438057483
Shae,0.029801324503311258,0.0016372165053044673,0.3431818181818182
Brenett,0.0033112582781456954,0.0,0.2903846153846154
Cleos-Frey,0.009933774834437087,0.0,0.3149113660062565
Qyburn,0.013245033112582781,0.0,0.3081632653061224
Walton,0.016556291390728478,0.006622516556291391,0.3084780388151175
Lollys-Stokeworth,0.019867549668874173,6.109707326402228e-05,0.3165618448637317
Mandon-Moore,0.013245033112582781,0.0,0.3172268907563025
Podrick-Payne,0.013245033112582781,2.8505886462807102e-05,0.32438238453276047
Edmure-Tully,0.04304635761589404,0.0020811685918058435,0.3427922814982974
Rickard-Karstark,0.016556291390728478,0.0004386688711098939,0.3359288097886541
Butterbumps,0.006622516556291391,0.0,0.2987141444114738
Olenna-Redwyne,0.026490066225165563,0.0008493953336829407,0.3427922814982974
Byam-Flint,0.0033112582781456954,0.0,0.24335213537469783
Dacey-Mormont,0.009933774834437087,0.0,0.31069958847736623
Desmond-Grell,0.013245033112582781,0.00010445770910481894,0.3110195674562307
Hoster-Tully,0.026490066225165563,0.0015014058999914602,0.3389450056116723
Jason-Mallister,0.006622516556291391,0.006622516556291391,0.2909441233140655
Jeyne-Westerling,0.016556291390728478,0.004306302279808628,0.31230610134436404
Lothar-Frey,0.03642384105960265,0.001746270596395716,0.3158995815899582
Lysa-Arryn,0.046357615894039736,0.012504899935389623,0.37797246558197745
Maege-Mormont,0.013245033112582781,1.2834334411417424e-05,0.311340206185567
Marq-Piper,0.013245033112582781,0.0,0.311340206185567
Petyr-Baelish,0.04966887417218543,0.02322939721774258,0.36964504283965727
Raynald-Westerling,0.009933774834437087,9.015659361781095e-05,0.31069958847736623
Robin-Ryger,0.006622516556291391,0.0,0.3145833333333333
Rodrik-Cassel,0.0033112582781456954,0.0,0.2903846153846154
Roslin-Frey,0.016556291390728478,0.0,0.3119834710743802
Ryman-Frey,0.019867549668874173,0.002637652929816854,0.31360332294911736
Tansy,0.019867549668874173,0.001152229062090664,0.3072227873855544
Vyman,0.006622516556291391,0.0,0.2906641000962464
Ellaria-Sand,0.009933774834437087,0.0,0.3172268907563025
Lancel-Lannister,0.006622516556291391,0.0,0.2909441233140655
Pycelle,0.023178807947019868,8.461795551188522e-05,0.3420158550396376
Willas-Tyrell,0.026490066225165563,0.00013771892278415784,0.32508073196986004
Chataya,0.0033112582781456954,0.0,0.3142559833506764
Chett,0.016556291390728478,6.991656460315015e-05,0.2825070159027128
Lark,0.016556291390728478,0.006622516556291391,0.2814538676607642
Small-Paul,0.019867549668874173,0.00014173224570329348,0.2825070159027128
Cleon,0.006622516556291391,0.0,0.24673202614379086
Ghael,0.006622516556291391,0.0,0.24673202614379086
Clubfoot-Karl,0.006622516556291391,0.0,0.26306620209059234
Gilly,0.026490066225165563,0.0021742250884111618,0.3119834710743802
Dirk,0.006622516556291391,0.0,0.26306620209059234
Tormund,0.029801324503311258,0.006874051273320297,0.3094262295081967
Cressen,0.0033112582781456954,0.0,0.25528317836010145
Drogo,0.013245033112582781,0.0,0.24754098360655738
Irri,0.019867549668874173,5.86712430236225e-05,0.24794745484400657
Prendahl-na-Ghezn,0.006622516556291391,0.0,0.1990771259063942
Sallor,0.006622516556291391,0.0,0.1990771259063942
Grey-Worm,0.006622516556291391,0.0,0.24673202614379086
Groleo,0.0033112582781456954,0.0,0.24653061224489795
Missandei,0.013245033112582781,0.0,0.24713584288052373
Rhaegel-Targaryen,0.0033112582781456954,0.0,0.24653061224489795
Daeron-I-Targaryen,0.0033112582781456954,0.0,0.2533557046979866
Shireen-Baratheon,0.026490066225165563,0.013735726451414593,0.3389450056116723
Dalla,0.009933774834437087,0.0,0.30474268415741673
Val,0.013245033112582781,7.333905377952813e-06,0.30505050505050507
Devan-Seaworth,0.009933774834437087,0.0,0.30784913353720694
Guncer-Sunglass,0.006622516556291391,0.0,0.26916221033868093
Khorane-Sathmantes,0.009933774834437087,0.0,0.30784913353720694
Pylos,0.016556291390728478,2.933562151181125e-05,0.3091095189355169
Utherydes-Wayn,0.006622516556291391,0.0,0.30628803245436104
Dick-Follard,0.006622516556291391,0.0,0.3032128514056225
Satin,0.026490066225165563,0.0001385600140303007,0.3065989847715736
Mag-Mar-Tun-Doh-Weg,0.006622516556291391,0.0,0.3032128514056225
Dontos-Hollard,0.023178807947019868,0.007258338941026614,0.3431818181818182
Lothor-Brune,0.009933774834437087,0.0,0.3004975124378109
Moon-Boy,0.0033112582781456954,0.0,0.2557154953429297
Doran-Martell,0.009933774834437087,0.0,0.31890179514255546
Watt,0.0033112582781456954,0.0,0.2277526395173454
Errok,0.009933774834437087,7.333905377952813e-06,0.3035175879396985
Grigg,0.009933774834437087,7.333905377952813e-06,0.3035175879396985
Styr,0.026490066225165563,0.00012834334411417425,0.30691056910569103
Galbart-Glover,0.0033112582781456954,0.0,0.17933491686460806
Robett-Glover,0.009933774834437087,0.006622516556291391,0.21836587129428778
Galyeon-of-Cuy,0.0033112582781456954,0.0,0.3142559833506764
Garlan-Tyrell,0.019867549668874173,0.006689704176739045,0.3416289592760181
Leonette-Fossoway,0.0033112582781456954,0.0,0.2548523206751055
Gawen-Westerling,0.006622516556291391,1.100085806692922e-05,0.23854660347551343
Sybell-Spicer,0.006622516556291391,0.002294212560348913,0.3065989847715736
Gendel,0.006622516556291391,0.0,0.3032128514056225
Gorne,0.006622516556291391,0.0,0.3032128514056225
Merrit,0.0033112582781456954,0.0,0.25062240663900415
Grazdan-mo-Eraz,0.0033112582781456954,0.0,0.1985535831689678
Helman-Tallhart,0.009933774834437087,0.01973553937207102,0.2783410138248848
Kegs,0.023178807947019868,0.00010421447793562818,0.3072227873855544
Jarl,0.026490066225165563,0.0001466781075590563,0.3065989847715736
Grisel,0.0033112582781456954,0.0,0.2701252236135957
Halder,0.006622516556291391,0.006622516556291391,0.3035175879396985
Todder,0.0033112582781456954,0.0,0.2330246913580247
Hareth-(Moles-Town),0.016556291390728478,4.4003432267716884e-06,0.3041289023162135
Mully,0.016556291390728478,6.600514840157533e-06,0.30443548387096775
Spare-Boot,0.019867549668874173,1.100085806692922e-05,0.30474268415741673
Harma,0.026490066225165563,0.0032508090116290006,0.30691056910569103
Rattleshirt,0.033112582781456956,0.0035416620709567107,0.3081632653061224
Varamyr,0.009933774834437087,0.0,0.30505050505050507
Weeper,0.006622516556291391,0.0,0.2361219702892885
Randyll-Tarly,0.006622516556291391,0.0,0.21820809248554912
High-Septon-(Tyrions),0.009933774834437087,0.0,0.33555555555555555
Jack-Be-Lucky,0.0033112582781456954,0.0,0.2502071251035626
Renly-Baratheon,0.029801324503311258,0.0007659588460866559,0.3765586034912718
Shagwell,0.006622516556291391,0.0,0.30535894843276035
Urswyck,0.0033112582781456954,0.0,0.30443548387096775
Tytos-Blackwood,0.0033112582781456954,0.0,0.22554144884241972
Thoren-Smallwood,0.013245033112582781,0.01323560380566827,0.2788550323176362
Joanna-Lannister,0.0033112582781456954,0.0,0.29235237173281703
Myrcella-Baratheon,0.013245033112582781,0.0,0.34047350620067646
Paxter-Redwyne,0.013245033112582781,0.0019151439844053862,0.3366778149386845
Jon-Arryn,0.009933774834437087,0.00038985230200308605,0.3145833333333333
Robert-Arryn,0.016556291390728478,0.00028433476997218775,0.302
Orell,0.006622516556291391,0.0,0.3032128514056225
Ryk,0.013245033112582781,0.0,0.30443548387096775
Zei,0.0033112582781456954,0.0,0.3029087261785356
Jon-Umber-(Smalljon),0.006622516556291391,0.0,0.3065989847715736
Robin-Flint,0.009933774834437087,0.0017141377387064605,0.30691056910569103
Wendel-Manderly,0.006622516556291391,0.0,0.24296057924376507
Jonothor-Darry,0.006622516556291391,0.0,0.19623131903833657
Oswell-Whent,0.006622516556291391,0.0,0.19623131903833657
Joramun,0.0033112582781456954,0.0,0.2682060390763766
Kella,0.0033112582781456954,0.0,0.2984189723320158
Willem-Lannister,0.013245033112582781,0.00724715891596519,0.3110195674562307
Softfoot,0.0033112582781456954,0.0,0.2197962154294032
Symon-Silver-Tongue,0.009933774834437087,0.0,0.31524008350730687
Tanda-Stokeworth,0.013245033112582781,6.624524649430594e-05,0.32127659574468087
Merrett-Frey,0.006622516556291391,3.058571901941684e-05,0.2728093947606143
Walder-Rivers,0.006622516556291391,0.0,0.3065989847715736
Luwin,0.0033112582781456954,0.0,0.2398729150119142
Marillion,0.009933774834437087,0.0,0.30019880715705766
Mathis-Rowan,0.006622516556291391,3.229537618219935e-05,0.2793709528214616
Maegor-I-Targaryen,0.0033112582781456954,0.0,0.27379873073436084
Mallador-Locke,0.0033112582781456954,0.0,0.21820809248554912
Martyn-Lannister,0.006622516556291391,0.00014969032958618323,0.293488824101069
Mordane,0.0033112582781456954,0.0,0.2984189723320158
Munda,0.0033112582781456954,0.0,0.2364917776037588
Nage,0.0033112582781456954,0.0,0.2359375
Olyvar-Frey,0.006622516556291391,0.0,0.3065989847715736
Oswell-Kettleblack,0.006622516556291391,0.0,0.2999006951340616
Ottyn-Wythers,0.0033112582781456954,0.0,0.21820809248554912
Patchface,0.0033112582781456954,0.0,0.2533557046979866
Perwyn-Frey,0.0033112582781456954,0.0,0.3059777102330294
Yohn-Royce,0.0033112582781456954,0.0,0.2701252236135957
Petyr-Frey,0.006622516556291391,7.333905377952813e-06,0.25062240663900415
Ragwyle,0.0033112582781456954,0.0,0.2421812349639134
Ramsay-Snow,0.006622516556291391,0.0,0.30784913353720694
Rollam-Westerling,0.006622516556291391,0.0,0.30628803245436104
Rhaella-Targaryen,0.006622516556291391,0.0,0.2658450704225352
Rolph-Spicer,0.0033112582781456954,0.0,0.3059777102330294
Tristifer-IV-Mudd,0.0033112582781456954,0.0,0.3059777102330294
Zollo,0.006622516556291391,0.0,0.23686274509803923
Tysha,0.006622516556291391,0.0,0.3205944798301486
Simon-Toyne,0.0033112582781456954,0.0,0.18073010173548773
Tion-Frey,0.0033112582781456954,0.0,0.23742138364779874
